Location,Household Total,Median,Mean
"BaldwinCounty,Alabama",76779,56732,74892
"CalhounCounty,Alabama",43972,41687,58992
"CullmanCounty,Alabama",30299,39411,54412
"DeKalbCounty,Alabama",25383,35963,48529
"ElmoreCounty,Alabama",29350,52579,71553
"EtowahCounty,Alabama",38766,41152,55243
"HoustonCounty,Alabama",39167,42321,59912
"JeffersonCounty,Alabama",261904,50180,74945
"LauderdaleCounty,Alabama",37875,43427,58691
"LeeCounty,Alabama",59354,48056,64562
"LimestoneCounty,Alabama",31880,50872,69299
"MadisonCounty,Alabama",143669,60503,85057
"MarshallCounty,Alabama",34726,42362,59315
"MobileCounty,Alabama",157141,45744,61800
"MontgomeryCounty,Alabama",90827,45395,65678
"MorganCounty,Alabama",44816,44378,59794
"St.ClairCounty,Alabama",31615,60158,65740
"ShelbyCounty,Alabama",76059,73647,91136
"TalladegaCounty,Alabama",31517,39393,51776
"TuscaloosaCounty,Alabama",73825,47787,65773
"WalkerCounty,Alabama",23863,39068,50794
"AnchorageMunicipality,Alaska",105249,85634,106393
"FairbanksNorthStarBorough,Alaska",33770,77328,87359
"Matanuska-SusitnaBorough,Alaska",30305,69332,87787
"ApacheCounty,Arizona",20018,34685,44505
"CochiseCounty,Arizona",50147,45508,55174
"CoconinoCounty,Arizona",47408,55091,67297
"MaricopaCounty,Arizona",1521131,58737,81501
"MohaveCounty,Arizona",84876,42423,57530
"NavajoCounty,Arizona",33587,36998,51447
"PimaCounty,Arizona",400835,47560,65881
"PinalCounty,Arizona",132352,52555,65692
"YavapaiCounty,Arizona",94962,50420,65804
"YumaCounty,Arizona",73072,43518,56872
"BentonCounty,Arkansas",94494,63631,83871
"CraigheadCounty,Arkansas",39813,43678,64488
"FaulknerCounty,Arkansas",43964,48506,65068
"GarlandCounty,Arkansas",39309,42826,56172
"JeffersonCounty,Arkansas",26750,37712,51502
"LonokeCounty,Arkansas",26327,55837,64569
"PulaskiCounty,Arkansas",161291,47387,72387
"SalineCounty,Arkansas",43371,64932,75347
"SebastianCounty,Arkansas",51055,42053,56346
"WashingtonCounty,Arkansas",88690,45679,64869
"WhiteCounty,Arkansas",28221,42844,54969
"AlamedaCounty,California",572012,89979,117667
"ButteCounty,California",85531,45177,65703
"ContraCostaCounty,California",391288,91045,122204
"ElDoradoCounty,California",69653,75772,100639
"FresnoCounty,California",303216,48715,68967
"HumboldtCounty,California",54230,43130,64617
"ImperialCounty,California",44855,49095,63208
"KernCounty,California",270359,49903,67594
"KingsCounty,California",43090,53234,67901
"LakeCounty,California",24593,42029,60536
"LosAngelesCounty,California",3305589,61338,89718
"MaderaCounty,California",44369,51657,67604
"MarinCounty,California",106333,103845,160053
"MendocinoCounty,California",35439,43809,65838
"MercedCounty,California",77713,47739,70672
"MontereyCounty,California",125740,63876,88289
"NapaCounty,California",49561,75077,106368
"NevadaCounty,California",38708,59022,85575
"OrangeCounty,California",1032218,81837,113420
"PlacerCounty,California",139104,85426,110245
"RiversideCounty,California",715040,60134,79354
"SacramentoCounty,California",535090,59780,81290
"SanBernardinoCounty,California",633173,56337,73078
"SanDiegoCounty,California",1110568,70824,96692
"SanFranciscoCounty,California",358703,103801,144957
"SanJoaquinCounty,California",227186,59518,77528
"SanLuisObispoCounty,California",106312,70564,88338
"SanMateoCounty,California",263445,108627,156259
"SantaBarbaraCounty,California",142449,67436,93389
"LaSalleCounty,Illinois",44753,57476,66763
"McHenryCounty,Illinois",110717,81063,94250
"McLeanCounty,Illinois",65644,62156,82471
"MaconCounty,Illinois",44002,46198,62668
"MadisonCounty,Illinois",105465,56035,73318
"PeoriaCounty,Illinois",73209,51975,71145
"RockIslandCounty,Illinois",60206,50948,65040
"St.ClairCounty,Illinois",104782,50267,73193
"SangamonCounty,Illinois",82959,53782,73785
"TazewellCounty,Illinois",56051,60152,74437
"VermilionCounty,Illinois",31928,45481,56819
"WillCounty,Illinois",228068,81438,98688
"WilliamsonCounty,Illinois",26761,48409,59894
"WinnebagoCounty,Illinois",114996,49749,65234
"AllenCounty,Indiana",142762,51173,67135
"BartholomewCounty,Indiana",31626,59102,73017
"ClarkCounty,Indiana",42498,51401,66198
"DelawareCounty,Indiana",46720,41041,56602
"ElkhartCounty,Indiana",72487,54216,65321
"FloydCounty,Indiana",29199,58586,80423
"GrantCounty,Indiana",26528,37117,49367
"HamiltonCounty,Indiana",118521,89823,116274
"HancockCounty,Indiana",27968,67799,81328
"HendricksCounty,Indiana",58677,78307,88073
"HowardCounty,Indiana",34195,45702,62995
"JohnsonCounty,Indiana",54542,65991,86468
"KosciuskoCounty,Indiana",30494,53963,69224
"LakeCounty,Indiana",185575,53681,69932
"LaPorteCounty,Indiana",42074,53507,67659
"MadisonCounty,Indiana",50964,45495,59751
"MarionCounty,Indiana",368349,44874,65479
"MonroeCounty,Indiana",54513,43582,66101
"MorganCounty,Indiana",25881,60530,72662
"PorterCounty,Indiana",62986,66196,82284
"St.JosephCounty,Indiana",97071,48358,64649
"TippecanoeCounty,Indiana",68405,51361,69541
"VanderburghCounty,Indiana",74968,46064,63945
"VigoCounty,Indiana",40328,43910,56349
"WayneCounty,Indiana",26538,43401,56553
"BlackHawkCounty,Iowa",52479,50470,69997
"DallasCounty,Iowa",33180,75899,103298
"DubuqueCounty,Iowa",37710,60456,82731
"JohnsonCounty,Iowa",57217,58064,76500
"LinnCounty,Iowa",89173,64639,82094
"PolkCounty,Iowa",182537,64067,82405
"PottawattamieCounty,Iowa",36094,55972,75890
"ScottCounty,Iowa",66527,54730,74517
"StoryCounty,Iowa",37350,53371,70682
"WoodburyCounty,Iowa",38637,52324,68021
"ButlerCounty,Kansas",24266,60182,71661
"DouglasCounty,Kansas",45572,56345,73186
"JohnsonCounty,Kansas",225606,80553,107288
"LeavenworthCounty,Kansas",27174,68299,85412
"RileyCounty,Kansas",25523,50737,68478
"SedgwickCounty,Kansas",195815,52193,68980
"ShawneeCounty,Kansas",70101,55710,71877
"WyandotteCounty,Kansas",58524,43129,53676
"BooneCounty,Kentucky",46849,72374,92690
"BullittCounty,Kentucky",29037,65359,77718
"CampbellCounty,Kentucky",36461,62536,78640
"ChristianCounty,Kentucky",25121,41140,52430
"DaviessCounty,Kentucky",39629,51764,69426
"FayetteCounty,Kentucky",127137,53178,77827
"HardinCounty,Kentucky",39684,52148,67497
"JeffersonCounty,Kentucky",314161,51991,73595
"SantaClaraCounty,California",635687,111069,146813
"SantaCruzCounty,California",96257,77613,106035
"ShastaCounty,California",72095,46724,64293
"SolanoCounty,California",149172,73900,93929
"SonomaCounty,California",187504,73929,97005
"StanislausCounty,California",172881,54305,73567
"SutterCounty,California",32345,51397,69847
"TulareCounty,California",135648,45881,61897
"VenturaCounty,California",268091,80135,105609
"YoloCounty,California",73055,64904,91705
"YubaCounty,California",26699,49259,66815
"AdamsCounty,Colorado",163122,66033,80680
"ArapahoeCounty,Colorado",235942,70950,96722
"BoulderCounty,Colorado",123820,74615,105099
"BroomfieldCounty,Colorado",26269,84349,111621
"DenverCounty,Colorado",292003,61105,90835
"DouglasCounty,Colorado",120125,109292,134850
"ElPasoCounty,Colorado",257508,63882,80992
"JeffersonCounty,Colorado",230890,74186,96855
"LarimerCounty,Colorado",131407,66469,83934
"MesaCounty,Colorado",60188,48846,60280
"PuebloCounty,Colorado",62275,44677,59601
"WeldCounty,Colorado",102087,63400,81031
"FairfieldCounty,Connecticut",335318,90123,143628
"HartfordCounty,Connecticut",350369,69433,93118
"LitchfieldCounty,Connecticut",74105,76993,100472
"MiddlesexCounty,Connecticut",66002,79739,109052
"NewHavenCounty,Connecticut",327560,66176,87686
"NewLondonCounty,Connecticut",105113,70699,94956
"TollandCounty,Connecticut",54068,81252,99096
"WindhamCounty,Connecticut",44734,61608,75289
"KentCounty,Delaware",64452,54140,66154
"NewCastleCounty,Delaware",203782,67274,87144
"SussexCounty,Delaware",82851,57734,78917
"DistrictofColumbia,DistrictofColumbia",281241,75506,114432
"AlachuaCounty,Florida",94428,45304,63144
"BayCounty,Florida",70330,49157,65029
"BrevardCounty,Florida",226021,51184,70367
"BrowardCounty,Florida",681474,54212,79147
"CharlotteCounty,Florida",75147,44200,65643
"CitrusCounty,Florida",63581,39206,51521
"ClayCounty,Florida",74130,56315,74442
"CollierCounty,Florida",139522,61228,102009
"ColumbiaCounty,Florida",24215,42019,63101
"DuvalCounty,Florida",353946,51980,69765
"EscambiaCounty,Florida",118702,44788,60692
"FlaglerCounty,Florida",41311,49395,63011
"HernandoCounty,Florida",74262,47253,59673
"HighlandsCounty,Florida",38808,36490,48800
"HillsboroughCounty,Florida",514487,54588,76656
"IndianRiverCounty,Florida",55427,49072,79585
"LakeCounty,Florida",128888,50226,62886
"LeeCounty,Florida",261735,52909,74125
"LeonCounty,Florida",112119,51107,70567
"ManateeCounty,Florida",142465,51748,74782
"MarionCounty,Florida",134239,39383,54181
"MartinCounty,Florida",62976,54620,86713
"Miami-DadeCounty,Florida",880766,45935,71914
"MonroeCounty,Florida",30318,65717,87296
"NassauCounty,Florida",30547,71515,90747
"OkaloosaCounty,Florida",76102,60026,77492
"OrangeCounty,Florida",468515,51335,73013
"OsceolaCounty,Florida",97569,51436,61195
"PalmBeachCounty,Florida",536446,57580,89403
"PascoCounty,Florida",195628,46264,64970
"PinellasCounty,Florida",407268,50036,71244
"PolkCounty,Florida",226429,46355,61587
"PutnamCounty,Florida",28025,38239,48699
"St.JohnsCounty,Florida",84187,78581,107338
"St.LucieCounty,Florida",111617,44804,58817
"SantaRosaCounty,Florida",61817,63619,80033
"SarasotaCounty,Florida",176191,54989,79815
"SeminoleCounty,Florida",167549,61311,81857
"SumterCounty,Florida",51781,54562,68118
"VolusiaCounty,Florida",214039,45366,60941
"WaltonCounty,Florida",27207,56246,76992
"BarrowCounty,Georgia",24865,54256,63123
"BartowCounty,Georgia",36430,51405,65210
"BibbCounty,Georgia",57692,36724,55077
"BullochCounty,Georgia",26411,43982,55840
"CarrollCounty,Georgia",40516,51228,60771
"CatoosaCounty,Georgia",24743,55717,72197
"ChathamCounty,Georgia",110185,53964,76948
"CherokeeCounty,Georgia",84088,77950,97849
"ClarkeCounty,Georgia",47563,34999,54050
"ClaytonCounty,Georgia",94346,45252,55380
"CobbCounty,Georgia",277949,70947,94624
"ColumbiaCounty,Georgia",47513,72737,90016
"CowetaCounty,Georgia",50503,71220,92716
"DeKalbCounty,Georgia",281356,56109,82314
"DoughertyCounty,Georgia",34264,37222,55510
"DouglasCounty,Georgia",48901,62445,78151
"FayetteCounty,Georgia",40046,80626,112239
"FloydCounty,Georgia",35411,49865,66817
"ForsythCounty,Georgia",72208,100909,117651
"FultonCounty,Georgia",396184,63510,100521
"GlynnCounty,Georgia",31757,48926,68614
"GwinnettCounty,Georgia",290405,67155,86057
"HallCounty,Georgia",62038,54917,70477
"HenryCounty,Georgia",74473,66905,82479
"HoustonCounty,Georgia",55901,62493,74099
"LibertyCounty,Georgia",22952,45138,55306
"LowndesCounty,Georgia",40835,41449,60300
"MuscogeeCounty,Georgia",73051,40060,58832
"NewtonCounty,Georgia",35825,48628,64719
"PauldingCounty,Georgia",53249,60856,73020
"RichmondCounty,Georgia",75909,41419,54092
"RockdaleCounty,Georgia",30381,56820,70408
"TroupCounty,Georgia",24493,42371,56650
"WalkerCounty,Georgia",25110,39209,55681
"WaltonCounty,Georgia",30715,53202,69697
"WhitfieldCounty,Georgia",35858,46399,62003
"HawaiiCounty,Hawaii",69818,55750,74492
"HonoluluCounty,Hawaii",309169,80513,101034
"KauaiCounty,Hawaii",23214,71344,85866
"MauiCounty,Hawaii",53612,72257,98524
"AdaCounty,Idaho",167026,61301,81878
"BannockCounty,Idaho",30106,48429,64287
"BonnevilleCounty,Idaho",38464,59706,75108
"CanyonCounty,Idaho",69859,48437,57499
"KootenaiCounty,Idaho",58875,51765,66843
"TwinFallsCounty,Idaho",30119,51210,64321
"AdamsCounty,Illinois",27414,51624,70474
"ChampaignCounty,Illinois",81856,50335,70900
"CookCounty,Illinois",1963973,60046,86514
"DeKalbCounty,Illinois",36690,59285,75593
"DuPageCounty,Illinois",341320,84908,111236
"KaneCounty,Illinois",175360,73347,96716
"KankakeeCounty,Illinois",39314,54911,68588
"KendallCounty,Illinois",40752,90482,101320
"LakeCounty,Illinois",244390,83152,119261
"GrandTraverseCounty,Michigan",37252,58532,81079
"InghamCounty,Michigan",111779,49139,65974
"IsabellaCounty,Michigan",23920,41868,57935
"JacksonCounty,Michigan",59993,50009,65570
"KalamazooCounty,Michigan",102336,53138,73094
"KentCounty,Michigan",238472,59668,79579
"LapeerCounty,Michigan",33178,54309,68702
"LenaweeCounty,Michigan",37781,51918,67726
"LivingstonCounty,Michigan",70787,78038,98029
"MacombCounty,Michigan",342255,60143,76249
"MarquetteCounty,Michigan",25822,51275,63954
"MidlandCounty,Michigan",34381,57269,78311
"MonroeCounty,Michigan",58789,60799,74036
"MuskegonCounty,Michigan",65437,44264,56512
"OaklandCounty,Michigan",500750,71920,100091
"OttawaCounty,Michigan",100425,64513,79662
"SaginawCounty,Michigan",78494,45849,60525
"St.ClairCounty,Michigan",65681,51864,65798
"ShiawasseeCounty,Michigan",28071,53244,66951
"VanBurenCounty,Michigan",29337,47917,69730
"WashtenawCounty,Michigan",140079,65601,94215
"WayneCounty,Michigan",677208,43464,63254
"AnokaCounty,Minnesota",126477,76533,90703
"BlueEarthCounty,Minnesota",25687,53869,70588
"CarverCounty,Minnesota",36784,92455,119835
"DakotaCounty,Minnesota",159765,78662,98463
"HennepinCounty,Minnesota",502061,71200,100769
"OlmstedCounty,Minnesota",61357,72428,92336
"RamseyCounty,Minnesota",208743,60369,81980
"RiceCounty,Minnesota",22895,69135,82572
"St.LouisCounty,Minnesota",85170,49825,65805
"ScottCounty,Minnesota",48237,88765,107281
"SherburneCounty,Minnesota",31574,83675,92885
"StearnsCounty,Minnesota",58656,57728,73092
"WashingtonCounty,Minnesota",92384,90256,109140
"WrightCounty,Minnesota",47571,74190,89793
"DeSotoCounty,Mississippi",61039,64505,79338
"ForrestCounty,Mississippi",28007,37275,60356
"HarrisonCounty,Mississippi",75266,42770,57091
"HindsCounty,Mississippi",91065,43657,62946
"JacksonCounty,Mississippi",51637,54606,65081
"JonesCounty,Mississippi",24901,43350,59391
"LauderdaleCounty,Mississippi",28457,42364,54707
"LeeCounty,Mississippi",33209,42235,58146
"MadisonCounty,Mississippi",38251,64350,91739
"RankinCounty,Mississippi",56353,62332,75468
"BooneCounty,Missouri",68848,52752,70450
"BuchananCounty,Missouri",33971,48550,63459
"CapeGirardeauCounty,Missouri",29384,50223,68935
"CassCounty,Missouri",38983,63420,77446
"ChristianCounty,Missouri",30920,53172,67120
"ClayCounty,Missouri",89398,65430,80536
"ColeCounty,Missouri",29995,55303,69868
"FranklinCounty,Missouri",40023,55359,74134
"GreeneCounty,Missouri",121734,42062,59033
"JacksonCounty,Missouri",281910,50815,70180
"JasperCounty,Missouri",45730,45786,60014
"JeffersonCounty,Missouri",83754,61559,71054
"PlatteCounty,Missouri",37929,77581,96923
"St.CharlesCounty,Missouri",143152,80644,96421
"St.FrancoisCounty,Missouri",24350,45431,54546
"St.LouisCounty,Missouri",403271,62572,93352
"St.Louiscity,Missouri",139021,40346,61944
"CascadeCounty,Montana",33759,45138,62658
"FlatheadCounty,Montana",39279,50142,70136
"GallatinCounty,Montana",39644,61211,91957
"LewisandClarkCounty,Montana",27283,63475,81497
"MissoulaCounty,Montana",47725,46550,70910
"YellowstoneCounty,Montana",65019,57945,74760
"DouglasCounty,Nebraska",214073,58990,81035
"LancasterCounty,Nebraska",122027,58845,76116
"SarpyCounty,Nebraska",64863,73569,88354
"ClarkCounty,Nevada",755258,54384,72277
"WashoeCounty,Nevada",174726,58175,81564
"CheshireCounty,NewHampshire",29428,56364,73110
"GraftonCounty,NewHampshire",33546,61520,92962
"HillsboroughCounty,NewHampshire",158777,76254,93120
"MerrimackCounty,NewHampshire",57531,69505,88153
"RockinghamCounty,NewHampshire",119688,81726,105809
"StraffordCounty,NewHampshire",48351,71295,88380
"AtlanticCounty,NewJersey",96777,56778,77520
"BergenCounty,NewJersey",337227,93683,126812
"BurlingtonCounty,NewJersey",165862,80254,105413
"CamdenCounty,NewJersey",185512,66362,88390
"CapeMayCounty,NewJersey",38895,62548,87477
"CumberlandCounty,NewJersey",50787,49110,61132
"EssexCounty,NewJersey",280734,54277,92032
"GloucesterCounty,NewJersey",105436,79879,95344
"HudsonCounty,NewJersey",253321,63808,96308
"HunterdonCounty,NewJersey",47195,113684,145102
"MercerCounty,NewJersey",128332,77650,111623
"MiddlesexCounty,NewJersey",283661,82375,102689
"MonmouthCounty,NewJersey",230769,90226,120305
"MorrisCounty,NewJersey",181059,106985,143205
"OceanCounty,NewJersey",224308,62222,82537
"PassaicCounty,NewJersey",163868,62016,86051
"SalemCounty,NewJersey",24195,53662,73756
"SomersetCounty,NewJersey",116169,104478,142077
"SussexCounty,NewJersey",51978,87829,109564
"UnionCounty,NewJersey",187922,72028,109955
"WarrenCounty,NewJersey",40512,74867,94313
"BernalilloCounty,NewMexico",262328,50601,69392
"ChavesCounty,NewMexico",22516,40960,53516
"Do?aAnaCounty,NewMexico",75759,37496,56328
"LeaCounty,NewMexico",20793,55636,67445
"McKinleyCounty,NewMexico",20061,31526,43857
"OteroCounty,NewMexico",22384,43646,66808
"SandovalCounty,NewMexico",49821,57158,73308
"SanJuanCounty,NewMexico",43093,52003,65449
"SantaFeCounty,NewMexico",60096,57863,82210
"ValenciaCounty,NewMexico",26575,43700,54551
"AlbanyCounty,NewYork",125329,61754,83464
"BronxCounty,NewYork",498539,37525,53466
"BroomeCounty,NewYork",76957,50463,67239
"CattaraugusCounty,NewYork",31409,46842,57722
"CayugaCounty,NewYork",30966,54995,68575
"ChautauquaCounty,NewYork",51705,42204,55539
"ChemungCounty,NewYork",34418,51269,67332
"ClintonCounty,NewYork",30624,55316,65214
"DutchessCounty,NewYork",108200,74115,99958
"ErieCounty,NewYork",380473,54246,73544
"JeffersonCounty,NewYork",41415,45624,61225
"KingsCounty,NewYork",941871,55150,83115
"LivingstonCounty,NewYork",23904,53121,61229
"MadisonCounty,NewYork",25612,60630,76630
"MonroeCounty,NewYork",299224,54492,74700
"NassauCounty,NewYork",440785,105870,139034
"NewYorkCounty,NewYork",748293,77559,143741
"NiagaraCounty,NewYork",86786,50233,65869
"OneidaCounty,NewYork",87929,52996,68695
"OnondagaCounty,NewYork",182984,56991,76174
"OntarioCounty,NewYork",45187,57448,78032
"OrangeCounty,NewYork",124365,73025,91061
"OswegoCounty,NewYork",44633,53562,65090
"PutnamCounty,NewYork",34762,96992,122979
"QueensCounty,NewYork",761819,62207,81379
"RensselaerCounty,NewYork",62816,65965,80856
"RichmondCounty,NewYork",164289,77197,95481
"RocklandCounty,NewYork",99257,85515,116116
"St.LawrenceCounty,NewYork",40479,51592,64088
"SaratogaCounty,NewYork",93703,76097,99966
"SchenectadyCounty,NewYork",48720,58331,75564
"SteubenCounty,NewYork",38458,50575,69894
"SuffolkCounty,NewYork",474311,92933,118609
"SullivanCounty,NewYork",25031,50652,76471
"TompkinsCounty,NewYork",37683,56349,73644
"UlsterCounty,NewYork",68298,62790,82176
"WarrenCounty,NewYork",28841,58061,75717
"WayneCounty,NewYork",37496,59538,70422
"WestchesterCounty,NewYork",342216,89709,141104
"AlamanceCounty,NorthCarolina",64369,45100,60609
"BrunswickCounty,NorthCarolina",54331,50692,66132
"BuncombeCounty,NorthCarolina",103127,50685,68923
"BurkeCounty,NorthCarolina",35211,40345,51815
"CabarrusCounty,NorthCarolina",70438,63386,78726
"CaldwellCounty,NorthCarolina",32911,36301,50001
"CarteretCounty,NorthCarolina",27506,51206,64471
"CatawbaCounty,NorthCarolina",61618,48913,65599
"ChathamCounty,NorthCarolina",28568,62961,94054
"ClevelandCounty,NorthCarolina",36405,36992,50519
"CravenCounty,NorthCarolina",40297,49938,67148
"CumberlandCounty,NorthCarolina",124014,45205,57267
"DavidsonCounty,NorthCarolina",62695,45678,59441
"DurhamCounty,NorthCarolina",123697,53832,77836
"ForsythCounty,NorthCarolina",146219,48271,73006
"GastonCounty,NorthCarolina",82982,48711,69661
"GuilfordCounty,NorthCarolina",201520,47262,69367
"HarnettCounty,NorthCarolina",43960,51637,62276
"HendersonCounty,NorthCarolina",47791,54963,68263
"IredellCounty,NorthCarolina",65037,55891,79750
"JohnstonCounty,NorthCarolina",66254,54719,65036
"LincolnCounty,NorthCarolina",31588,49453,67290
"MecklenburgCounty,NorthCarolina",399504,62978,89684
"MooreCounty,NorthCarolina",38786,52279,72904
"NashCounty,NorthCarolina",35409,47902,64941
"NewHanoverCounty,NorthCarolina",92808,50028,70803
"OnslowCounty,NorthCarolina",61766,47150,56900
"OrangeCounty,NorthCarolina",50203,66423,94564
"PittCounty,NorthCarolina",70019,46573,62944
"RandolphCounty,NorthCarolina",56793,44836,55496
"RobesonCounty,NorthCarolina",45123,34254,47961
"RockinghamCounty,NorthCarolina",38163,40985,50217
"RowanCounty,NorthCarolina",50138,48379,62377
"RutherfordCounty,NorthCarolina",26982,36121,46400
"SurryCounty,NorthCarolina",28261,36802,59268
"UnionCounty,NorthCarolina",74763,71588,98685
"WakeCounty,NorthCarolina",387771,76097,100576
"WayneCounty,NorthCarolina",47240,41711,58296
"WilkesCounty,NorthCarolina",28771,41332,51346
"WilsonCounty,NorthCarolina",30897,39036,60107
"OrangeburgCounty,SouthCarolina",33449,32450,46106
"PickensCounty,SouthCarolina",47303,45779,64839
"RichlandCounty,SouthCarolina",153376,52030,71025
"SpartanburgCounty,SouthCarolina",113463,47371,63453
"SumterCounty,SouthCarolina",41439,40614,56274
"YorkCounty,SouthCarolina",98128,60767,79926
"MinnehahaCounty,SouthDakota",73808,60038,75126
"PenningtonCounty,SouthDakota",42956,50950,67638
"AndersonCounty,Tennessee",31209,46055,61601
"BlountCounty,Tennessee",49672,51183,66674
"BradleyCounty,Tennessee",40710,44853,59809
"DavidsonCounty,Tennessee",281967,54855,78234
"GreeneCounty,Tennessee",25418,41109,60485
"HamiltonCounty,Tennessee",139615,47898,71471
"KnoxCounty,Tennessee",183889,52102,72285
"MadisonCounty,Tennessee",37322,41791,58283
"MauryCounty,Tennessee",33667,50591,64296
"MontgomeryCounty,Tennessee",69427,56112,65397
"PutnamCounty,Tennessee",31343,37437,56080
"RobertsonCounty,Tennessee",25302,60423,74977
"RutherfordCounty,Tennessee",111387,61157,75267
"SevierCounty,Tennessee",36098,45609,56756
"ShelbyCounty,Tennessee",354666,47690,70860
"SullivanCounty,Tennessee",64795,42859,58135
"SumnerCounty,Tennessee",65186,60503,78533
"WashingtonCounty,Tennessee",52707,46276,62660
"WilliamsonCounty,Tennessee",73811,106054,137681
"WilsonCounty,Tennessee",47707,71153,84232
"AngelinaCounty,Texas",30210,41161,55000
"BastropCounty,Texas",25975,56508,72650
"BellCounty,Texas",119985,52275,68060
"BexarCounty,Texas",628924,53210,72419
"BowieCounty,Texas",33031,45997,67583
"BrazoriaCounty,Texas",117168,74799,90604
"BrazosCounty,Texas",78272,41559,71130
"CameronCounty,Texas",120499,37061,51206
"CollinCounty,Texas",334794,89638,113597
"ComalCounty,Texas",48604,77425,99722
"CoryellCounty,Texas",22682,51125,64622
"DallasCounty,Texas",924789,54399,80938
"DentonCounty,Texas",281964,80613,106034
"EctorCounty,Texas",51012,53254,79688
"EllisCounty,Texas",55586,70210,86074
"ElPasoCounty,Texas",267376,42165,57072
"FortBendCounty,Texas",230121,90680,119536
"GalvestonCounty,Texas",120938,64939,90498
"GraysonCounty,Texas",47135,52095,66350
"GreggCounty,Texas",45231,44219,61736
"GuadalupeCounty,Texas",51935,68157,86068
"HarrisCounty,Texas",1606399,56377,84551
"HarrisonCounty,Texas",23742,46548,57647
"HaysCounty,Texas",71267,64658,83539
"HendersonCounty,Texas",30403,44088,64111
"HidalgoCounty,Texas",234716,36176,53230
"HuntCounty,Texas",31377,53962,68424
"JeffersonCounty,Texas",95801,45390,64895
"JohnsonCounty,Texas",54048,59895,73321
"KaufmanCounty,Texas",36696,62033,76602
"LibertyCounty,Texas",26204,42877,65705
"LubbockCounty,Texas",111975,49136,68557
"McLennanCounty,Texas",87163,46860,67968
"MidlandCounty,Texas",56178,65349,98622
"MontgomeryCounty,Texas",193637,71123,104877
"NacogdochesCounty,Texas",23080,35562,54215
"NuecesCounty,Texas",129254,54318,70642
"OrangeCounty,Texas",32538,53480,70748
"ParkerCounty,Texas",44098,66548,83981
"PotterCounty,Texas",42179,42305,60695
"RandallCounty,Texas",49728,67015,87930
"RockwallCounty,Texas",31620,95731,107103
"SanPatricioCounty,Texas",23761,53348,64758
"SmithCounty,Texas",75792,52572,68343
"TarrantCounty,Texas",696887,61534,84829
"TaylorCounty,Texas",48607,48803,63267
"TomGreenCounty,Texas",43497,48696,65974
"TravisCounty,Texas",457810,70158,100262
"VictoriaCounty,Texas",32249,53778,85178
"WalkerCounty,Texas",21209,42662,55950
"WebbCounty,Texas",73483,35659,53833
"WichitaCounty,Texas",49486,44769,58193
"WilliamsonCounty,Texas",173125,81818,98793
"CacheCounty,Utah",37151,58003,73588
"DavisCounty,Utah",103665,76905,93257
"SaltLakeCounty,Utah",366239,68665,89138
"UtahCounty,Utah",157803,69799,84827
"WashingtonCounty,Utah",51774,55056,74494
"WeberCounty,Utah",79501,63158,76150
"ChittendenCounty,Vermont",64867,68843,89763
"AlbemarleCounty,Virginia",40318,71975,100166
"ArlingtonCounty,Virginia",103479,110388,143507
"AugustaCounty,Virginia",29664,55342,68377
"BedfordCounty,Virginia",29566,56479,75982
"ChesterfieldCounty,Virginia",122221,76059,92479
"FairfaxCounty,Virginia",395164,115717,147335
"FauquierCounty,Virginia",24777,94347,121672
"FrederickCounty,Virginia",30760,69827,89243
"HanoverCounty,Virginia",37931,83135,101533
"HenricoCounty,Virginia",127930,66337,93035
"JamesCityCounty,Virginia",28480,83455,109488
"LoudounCounty,Virginia",124916,134464,152447
"MontgomeryCounty,Virginia",36128,55706,85232
"PrinceWilliamCounty,Virginia",139792,97986,113703
"RoanokeCounty,Virginia",38541,60454,81978
"RockinghamCounty,Virginia",31186,57755,77230
"SpotsylvaniaCounty,Virginia",44169,81146,95901
"StaffordCounty,Virginia",47017,97484,119793
"YorkCounty,Virginia",23797,89418,105338
"Alexandriacity,Virginia",69875,87920,121672
"Chesapeakecity,Virginia",83364,72928,90320
"Hamptoncity,Virginia",54181,50435,65991
"Lynchburgcity,Virginia",27545,41264,60508
"NewportNewscity,Virginia",67628,50524,64926
"Norfolkcity,Virginia",87910,46467,64343
"Portsmouthcity,Virginia",36615,48516,60637
"Richmondcity,Virginia",91704,42373,69458
"Roanokecity,Virginia",42213,37044,49385
"Suffolkcity,Virginia",33377,66669,85140
"VirginiaBeachcity,Virginia",168061,71117,90576
"BentonCounty,Washington",70434,62508,80160
"ChelanCounty,Washington",28353,52080,70387
"ClallamCounty,Washington",31837,48587,60096
"ClarkCounty,Washington",169997,69062,89125
"CowlitzCounty,Washington",40170,50637,65490
"FranklinCounty,Washington",25903,57670,71699
"GrantCounty,Washington",28351,48335,61186
"GraysHarborCounty,Washington",27330,49623,67813
"IslandCounty,Washington",33365,64813,81722
"KingCounty,Washington",861154,86095,116385
"KitsapCounty,Washington",101995,69171,85625
"LewisCounty,Washington",29509,45523,58780
"BurleighCounty,NorthDakota",39075,64558,85609
"CassCounty,NorthDakota",76206,59240,76699
"GrandForksCounty,NorthDakota",30045,50008,65489
"WardCounty,NorthDakota",27803,62573,77678
"AllenCounty,Ohio",39982,47592,60919
"AshtabulaCounty,Ohio",38728,42965,55721
"AthensCounty,Ohio",21732,36193,56230
"BelmontCounty,Ohio",27240,48220,62413
"ButlerCounty,Ohio",137314,63273,80568
"ClarkCounty,Ohio",54548,46811,60848
"ClermontCounty,Ohio",77925,60661,80677
"ColumbianaCounty,Ohio",41469,47864,59138
"CuyahogaCounty,Ohio",534355,46601,69704
"DelawareCounty,Ohio",68617,101693,128117
"ErieCounty,Ohio",30682,48949,73232
"FairfieldCounty,Ohio",55614,65316,81512
"FranklinCounty,Ohio",502932,56055,75539
"GeaugaCounty,Ohio",35519,76384,98903
"GreeneCounty,Ohio",63908,62018,82225
"HamiltonCounty,Ohio",335907,53229,77511
"HancockCounty,Ohio",31693,52810,70192
"JeffersonCounty,Ohio",26971,44257,56107
"LakeCounty,Ohio",96325,61870,77742
"LickingCounty,Ohio",62898,58685,77785
"LorainCounty,Ohio",117871,54504,74417
"LucasCounty,Ohio",180217,44534,63940
"MahoningCounty,Ohio",96998,42295,58567
"MarionCounty,Ohio",25114,42826,54192
"MedinaCounty,Ohio",67812,72618,91442
"MiamiCounty,Ohio",41313,60170,70339
"MontgomeryCounty,Ohio",223131,46936,65800
"MuskingumCounty,Ohio",34169,43422,53368
"PortageCounty,Ohio",62468,49695,67436
"RichlandCounty,Ohio",48437,44073,55670
"RossCounty,Ohio",28710,46422,62408
"SciotoCounty,Ohio",29904,39210,54291
"StarkCounty,Ohio",152129,50994,66163
"SummitCounty,Ohio",222202,52036,70827
"TrumbullCounty,Ohio",85799,45552,60457
"TuscarawasCounty,Ohio",34968,50440,58847
"WarrenCounty,Ohio",82404,80207,105864
"WayneCounty,Ohio",43277,53434,64910
"WoodCounty,Ohio",50175,60166,78726
"CanadianCounty,Oklahoma",44235,67177,78821
"ClevelandCounty,Oklahoma",105102,61288,75465
"ComancheCounty,Oklahoma",42986,51164,66593
"CreekCounty,Oklahoma",25658,43609,57170
"MuskogeeCounty,Oklahoma",26000,40860,54551
"OklahomaCounty,Oklahoma",300690,51078,72437
"PayneCounty,Oklahoma",30657,35927,59747
"PottawatomieCounty,Oklahoma",25547,41716,56177
"RogersCounty,Oklahoma",34130,62434,78871
"TulsaCounty,Oklahoma",254473,51325,73613
"WagonerCounty,Oklahoma",28289,62041,71480
"BentonCounty,Oregon",34543,55459,77905
"ClackamasCounty,Oregon",154070,74891,99007
"DeschutesCounty,Oregon",71262,61870,78473
"DouglasCounty,Oregon",43818,42889,60183
"JacksonCounty,Oregon",86745,48563,66160
"JosephineCounty,Oregon",35439,36472,50614
"KlamathCounty,Oregon",26359,45604,58173
"LaneCounty,Oregon",147712,47777,63747
"LinnCounty,Oregon",46645,51310,69891
"MarionCounty,Oregon",116787,56550,69379
"MultnomahCounty,Oregon",320476,62629,86044
"PolkCounty,Oregon",29291,52485,70588
"UmatillaCounty,Oregon",25900,50171,61956
"WashingtonCounty,Oregon",213820,75634,94948
"YamhillCounty,Oregon",35832,61596,82136
"AdamsCounty,Pennsylvania",38125,59300,72296
"AlleghenyCounty,Pennsylvania",528892,56140,78027
"ArmstrongCounty,Pennsylvania",26105,47398,60137
"BeaverCounty,Pennsylvania",68811,55221,69655
"BerksCounty,Pennsylvania",150402,59286,76779
"BlairCounty,Pennsylvania",51154,43443,58867
"BucksCounty,Pennsylvania",234126,79936,106713
"ButlerCounty,Pennsylvania",75472,66426,88042
"CambriaCounty,Pennsylvania",56443,44100,57562
"CarbonCounty,Pennsylvania",25986,51676,63116
"CentreCounty,Pennsylvania",57410,60266,81724
"ChesterCounty,Pennsylvania",187188,92407,125605
"ClearfieldCounty,Pennsylvania",29061,47352,58404
"ColumbiaCounty,Pennsylvania",26531,49186,64433
"CrawfordCounty,Pennsylvania",33955,45410,61696
"CumberlandCounty,Pennsylvania",96906,63530,82236
"DauphinCounty,Pennsylvania",111260,60331,77859
"DelawareCounty,Pennsylvania",205188,67950,95868
"ErieCounty,Pennsylvania",109705,48964,63819
"FayetteCounty,Pennsylvania",53662,43140,56917
"FranklinCounty,Pennsylvania",60492,60559,77464
"IndianaCounty,Pennsylvania",34786,42962,59117
"LackawannaCounty,Pennsylvania",86203,47475,64366
"LancasterCounty,Pennsylvania",196807,61335,79344
"LawrenceCounty,Pennsylvania",35861,46918,65697
"LebanonCounty,Pennsylvania",51143,57248,70452
"LehighCounty,Pennsylvania",139199,60498,82854
"LuzerneCounty,Pennsylvania",124118,46580,64446
"LycomingCounty,Pennsylvania",45525,49052,61228
"MercerCounty,Pennsylvania",45630,49890,64329
"MonroeCounty,Pennsylvania",57284,60095,76141
"MontgomeryCounty,Pennsylvania",312447,84113,113622
"NorthamptonCounty,Pennsylvania",111760,66438,83297
"NorthumberlandCounty,Pennsylvania",38098,47736,59110
"PhiladelphiaCounty,Pennsylvania",580205,41449,60857
"SchuylkillCounty,Pennsylvania",58149,50684,60421
"SomersetCounty,Pennsylvania",29189,43871,56742
"WashingtonCounty,Pennsylvania",83117,57998,78066
"WestmorelandCounty,Pennsylvania",148238,56722,72166
"YorkCounty,Pennsylvania",169885,62462,75945
"KentCounty,RhodeIsland",67747,63101,85413
"NewportCounty,RhodeIsland",35078,73596,96121
"ProvidenceCounty,RhodeIsland",235728,52369,72289
"WashingtonCounty,RhodeIsland",50368,77813,98882
"AikenCounty,SouthCarolina",66751,45945,61156
"AndersonCounty,SouthCarolina",75432,45090,61089
"BeaufortCounty,SouthCarolina",67932,65919,89311
"BerkeleyCounty,SouthCarolina",75202,59153,75759
"CharlestonCounty,SouthCarolina",156836,56827,85601
"DarlingtonCounty,SouthCarolina",25924,36841,53488
"DorchesterCounty,SouthCarolina",55324,57637,71563
"FlorenceCounty,SouthCarolina",50193,46524,61747
"GreenvilleCounty,SouthCarolina",187957,55342,75932
"GreenwoodCounty,SouthCarolina",27533,38200,52756
"HorryCounty,SouthCarolina",125562,45621,61572
"LancasterCounty,SouthCarolina",32630,56216,77045
"LaurensCounty,SouthCarolina",24805,44038,56140
"LexingtonCounty,SouthCarolina",110146,57382,75343
"OconeeCounty,SouthCarolina",31498,43743,64615
"KentonCounty,Kentucky",63609,62182,75830
"McCrackenCounty,Kentucky",28416,39048,58737
"MadisonCounty,Kentucky",33633,43840,57059
"OldhamCounty,Kentucky",21180,90341,109184
"WarrenCounty,Kentucky",47444,46686,66862
"AscensionParish,Louisiana",40950,76581,89121
"BossierParish,Louisiana",47458,48163,63752
"CaddoParish,Louisiana",96532,37104,60857
"CalcasieuParish,Louisiana",77029,45962,62016
"EastBatonRougeParish,Louisiana",163764,50508,76485
"IberiaParish,Louisiana",26240,41424,54106
"JeffersonParish,Louisiana",170710,49678,70728
"LafayetteParish,Louisiana",89130,49969,73667
"LafourcheParish,Louisiana",37199,51772,63414
"LivingstonParish,Louisiana",47479,56534,75554
"OrleansParish,Louisiana",154355,38681,67259
"OuachitaParish,Louisiana",54349,37275,55761
"RapidesParish,Louisiana",47745,42582,64374
"St.LandryParish,Louisiana",30302,31207,47493
"St.TammanyParish,Louisiana",92205,64639,84610
"TangipahoaParish,Louisiana",47756,48162,63700
"TerrebonneParish,Louisiana",40102,46026,65676
"AndroscogginCounty,Maine",44917,49081,61439
"AroostookCounty,Maine",27514,39450,53954
"CumberlandCounty,Maine",118049,65913,86255
"KennebecCounty,Maine",47791,51573,64429
"PenobscotCounty,Maine",60195,47328,62849
"YorkCounty,Maine",82469,60863,77704
"AlleganyCounty,Maryland",27608,45606,55306
"AnneArundelCounty,Maryland",206956,96483,117437
"BaltimoreCounty,Maryland",312921,72764,93346
"CalvertCounty,Maryland",32434,98732,115072
"CarrollCounty,Maryland",61661,90343,107119
"CecilCounty,Maryland",37296,74221,89209
"CharlesCounty,Maryland",55929,95735,108865
"FrederickCounty,Maryland",89800,90043,108353
"HarfordCounty,Maryland",91813,84175,99781
"HowardCounty,Maryland",112542,120941,144125
"MontgomeryCounty,Maryland",373346,99763,135151
"PrinceGeorge'sCounty,Maryland",307816,79184,93945
"St.Mary'sCounty,Maryland",41368,78195,91785
"WashingtonCounty,Maryland",55824,54250,71499
"WicomicoCounty,Maryland",36774,50844,65237
"Baltimorecity,Maryland",240761,47350,69831
"BarnstableCounty,Massachusetts",92582,67898,91777
"BerkshireCounty,Massachusetts",54204,58418,76180
"BristolCounty,Massachusetts",214232,66027,84886
"EssexCounty,Massachusetts",289817,73901,100606
"FranklinCounty,Massachusetts",30868,57106,77060
"HampdenCounty,Massachusetts",178623,51544,69278
"HampshireCounty,Massachusetts",58167,64354,85559
"MiddlesexCounty,Massachusetts",593437,95249,122927
"NorfolkCounty,Massachusetts",260609,92696,130123
"PlymouthCounty,Massachusetts",184577,82087,103580
"SuffolkCounty,Massachusetts",306790,61796,93319
"WorcesterCounty,Massachusetts",304833,69295,89825
"AlleganCounty,Michigan",41995,57846,69842
"BayCounty,Michigan",43876,44756,60261
"BerrienCounty,Michigan",62538,47083,67902
"CalhounCounty,Michigan",52888,45902,61465
"ClintonCounty,Michigan",28944,65730,83894
"EatonCounty,Michigan",44666,56211,70485
"GeneseeCounty,Michigan",167171,43955,60115
"PierceCounty,Washington",317671,64434,82680
"SkagitCounty,Washington",46423,60983,77921
"SnohomishCounty,Washington",286116,78716,95507
"SpokaneCounty,Washington",195807,53043,71032
"ThurstonCounty,Washington",105863,65783,79165
"WhatcomCounty,Washington",84011,56411,71154
"YakimaCounty,Washington",81084,48965,65675
"BerkeleyCounty,WestVirginia",42369,57357,76559
"CabellCounty,WestVirginia",39017,38823,56454
"HarrisonCounty,WestVirginia",27741,47204,69040
"KanawhaCounty,WestVirginia",79049,45001,64515
"MonongaliaCounty,WestVirginia",38699,50953,78117
"RaleighCounty,WestVirginia",30431,45863,57049
"WoodCounty,WestVirginia",34991,48655,65006
"BrownCounty,Wisconsin",104804,57783,75008
"DaneCounty,Wisconsin",217506,70796,91445
"DodgeCounty,Wisconsin",34648,55856,66121
"EauClaireCounty,Wisconsin",41312,49821,65878
"FondduLacCounty,Wisconsin",40815,58310,71268
"JeffersonCounty,Wisconsin",32378,58703,67493
"KenoshaCounty,Wisconsin",64386,59417,76061
"LaCrosseCounty,Wisconsin",47086,54823,71375
"ManitowocCounty,Wisconsin",34234,51752,63032
"MarathonCounty,Wisconsin",55147,54774,73258
"MilwaukeeCounty,Wisconsin",381318,47607,66092
"OutagamieCounty,Wisconsin",72994,61149,77501
"OzaukeeCounty,Wisconsin",35417,84415,118529
"PortageCounty,Wisconsin",28009,53655,69242
"RacineCounty,Wisconsin",75921,55706,70257
"RockCounty,Wisconsin",63222,50729,65404
"St.CroixCounty,Wisconsin",33460,72865,92297
"SheboyganCounty,Wisconsin",47652,54059,70716
"WalworthCounty,Wisconsin",40039,58302,73449
"WashingtonCounty,Wisconsin",53090,73502,92617
"WaukeshaCounty,Wisconsin",156503,81878,107347
"WinnebagoCounty,Wisconsin",69943,56754,75399
"WoodCounty,Wisconsin",32749,51887,69621
"LaramieCounty,Wyoming",38181,62221,73885
"NatronaCounty,Wyoming",32059,59474,73781
"AreciboMunicipio,PuertoRico",32650,18516,24277
"CaguasMunicipio,PuertoRico",48272,24198,36895
"CarolinaMunicipio,PuertoRico",63447,28055,35950
"GuaynaboMunicipio,PuertoRico",33066,32240,59895
"PonceMunicipio,PuertoRico",52447,17454,26323
"SanJuanMunicipio,PuertoRico",146719,22727,42517
"ToaAltaMunicipio,PuertoRico",22394,26171,39685
"ToaBajaMunicipio,PuertoRico",28112,23560,30844
"TrujilloAltoMunicipio,PuertoRico",24334,33122,42200
"MayagüezMunicipio,PuertoRico",29138,14532,24786
"BayamónMunicipio,PuertoRico",70124,24128,35256
